follower,Ig link
nikhilvirat15,https://www.instagram.com/nikhilvirat15/
mr.mvw.vip,https://www.instagram.com/mr.mvw.vip/
maria_aswin12,https://www.instagram.com/maria_aswin12/
gokulsenthil0906,https://www.instagram.com/gokulsenthil0906/
mr_likhith_18,https://www.instagram.com/mr_likhith_18/
im_kewl_ak,https://www.instagram.com/im_kewl_ak/
developingdeveloper_,https://www.instagram.com/developingdeveloper_/
isexy.andiknowit,https://www.instagram.com/isexy.andiknowit/
avengers_heart01,https://www.instagram.com/avengers_heart01/
g00d_kid_10,https://www.instagram.com/g00d_kid_10/
jiggy_jelly87,https://www.instagram.com/jiggy_jelly87/
6e7978,https://www.instagram.com/6e7978/
vinaydubey11,https://www.instagram.com/vinaydubey11/
_idiotic_homo_sapiens_,https://www.instagram.com/_idiotic_homo_sapiens_/
improice.lcs,https://www.instagram.com/improice.lcs/
andreea.nitaa,https://www.instagram.com/andreea.nitaa/
srinivas_nagunoori,https://www.instagram.com/srinivas_nagunoori/
akaheller_,https://www.instagram.com/akaheller_/
ruby_rubeena_shaiqh,https://www.instagram.com/ruby_rubeena_shaiqh/
_vvanshika_13,https://www.instagram.com/_vvanshika_13/
hritick.sidana,https://www.instagram.com/hritick.sidana/
i_am_speed_2000,https://www.instagram.com/i_am_speed_2000/
_reem_425,https://www.instagram.com/_reem_425/
mom_lilprincesses,https://www.instagram.com/mom_lilprincesses/
amitnaik1573,https://www.instagram.com/amitnaik1573/
kdramasnmoree,https://www.instagram.com/kdramasnmoree/
biradarlaksh07,https://www.instagram.com/biradarlaksh07/
nishant_singh_sogarwal,https://www.instagram.com/nishant_singh_sogarwal/
xtothegod,https://www.instagram.com/xtothegod/
naawaaz.in,https://www.instagram.com/naawaaz.in/
codewave1,https://www.instagram.com/codewave1/
srujana_kappali,https://www.instagram.com/srujana_kappali/
anupmishra9541,https://www.instagram.com/anupmishra9541/
career.inf,https://www.instagram.com/career.inf/
itayshalomm,https://www.instagram.com/itayshalomm/
itisanika,https://www.instagram.com/itisanika/
nun_nun_69,https://www.instagram.com/nun_nun_69/
raviraj____s,https://www.instagram.com/raviraj____s/
farmaan687,https://www.instagram.com/farmaan687/
mohitkumarr___,https://www.instagram.com/mohitkumarr___/
mr.neverenough_3020,https://www.instagram.com/mr.neverenough_3020/
shivankar_bhargav,https://www.instagram.com/shivankar_bhargav/
bassem_boua,https://www.instagram.com/bassem_boua/
cat.code,https://www.instagram.com/cat.code/
iamvivesh_singh,https://www.instagram.com/iamvivesh_singh/
sweth.a9350,https://www.instagram.com/sweth.a9350/
quipoin,https://www.instagram.com/quipoin/
saibodavula,https://www.instagram.com/saibodavula/
seliaazhar,https://www.instagram.com/seliaazhar/
__renunegii_,https://www.instagram.com/__renunegii_/
_ani.77,https://www.instagram.com/_ani.77/
vlakhan431,https://www.instagram.com/vlakhan431/
_yash.soni_official,https://www.instagram.com/_yash.soni_official/
shiv._.45,https://www.instagram.com/shiv._.45/
_rajdeep_nandi_0407,https://www.instagram.com/_rajdeep_nandi_0407/
j.o.s.h.u.a_a.j.a.y,https://www.instagram.com/j.o.s.h.u.a_a.j.a.y/
_gavesh21,https://www.instagram.com/_gavesh21/
code.tilak,https://www.instagram.com/code.tilak/
raunak_bhati_rj18,https://www.instagram.com/raunak_bhati_rj18/
shankarlingamvalusa,https://www.instagram.com/shankarlingamvalusa/
raghavxbatra,https://www.instagram.com/raghavxbatra/
ve.eresh9073,https://www.instagram.com/ve.eresh9073/
rathodmv900,https://www.instagram.com/rathodmv900/
commando.imran,https://www.instagram.com/commando.imran/
rahulkumarkrishnan,https://www.instagram.com/rahulkumarkrishnan/
imraman_17,https://www.instagram.com/imraman_17/
its__adishh,https://www.instagram.com/its__adishh/
im.nk17,https://www.instagram.com/im.nk17/
aditi_dhenge,https://www.instagram.com/aditi_dhenge/
kanika_pandey_07,https://www.instagram.com/kanika_pandey_07/
imlact_digital_world,https://www.instagram.com/imlact_digital_world/
sho_bha2146,https://www.instagram.com/sho_bha2146/
shailesh_wakade,https://www.instagram.com/shailesh_wakade/
a_s_jakapure,https://www.instagram.com/a_s_jakapure/
yadav_anurag13,https://www.instagram.com/yadav_anurag13/
vetrikani_venkatesan,https://www.instagram.com/vetrikani_venkatesan/
rohit99______,https://www.instagram.com/rohit99______/
sumanpratihar42,https://www.instagram.com/sumanpratihar42/
mibhatkar,https://www.instagram.com/mibhatkar/
harshityagi0320,https://www.instagram.com/harshityagi0320/
jude_nick_son,https://www.instagram.com/jude_nick_son/
devil_engineer_23,https://www.instagram.com/devil_engineer_23/
god_kowachi,https://www.instagram.com/god_kowachi/
wandering_359,https://www.instagram.com/wandering_359/
i4yush,https://www.instagram.com/i4yush/
devang.shukla09,https://www.instagram.com/devang.shukla09/
chakradhar__kale,https://www.instagram.com/chakradhar__kale/
erkanchan021,https://www.instagram.com/erkanchan021/
nandini_pathak13,https://www.instagram.com/nandini_pathak13/
ir7468557,https://www.instagram.com/ir7468557/
shubhamkumarraushan,https://www.instagram.com/shubhamkumarraushan/
_saumya.agrawal_,https://www.instagram.com/_saumya.agrawal_/
_reddyyyyy____._,https://www.instagram.com/_reddyyyyy____._/
jashan.52,https://www.instagram.com/jashan.52/
llaveenaa,https://www.instagram.com/llaveenaa/
karthik_krishna_007,https://www.instagram.com/karthik_krishna_007/
abhi9_0708,https://www.instagram.com/abhi9_0708/
mohamad.elmitliss,https://www.instagram.com/mohamad.elmitliss/
cesarito.st,https://www.instagram.com/cesarito.st/
softhearted_angel786,https://www.instagram.com/softhearted_angel786/
iguu_se,https://www.instagram.com/iguu_se/
aarthyka_mithra,https://www.instagram.com/aarthyka_mithra/
li_game.mp4,https://www.instagram.com/li_game.mp4/
sam_282mfp,https://www.instagram.com/sam_282mfp/
speakiteazy,https://www.instagram.com/speakiteazy/
eevenhe,https://www.instagram.com/eevenhe/
kdmajethiya_29,https://www.instagram.com/kdmajethiya_29/
krishna_yaadav,https://www.instagram.com/krishna_yaadav/
imajitdixit,https://www.instagram.com/imajitdixit/
hadiraza03,https://www.instagram.com/hadiraza03/
__rohitkumarurwar,https://www.instagram.com/__rohitkumarurwar/
deepuroy91291,https://www.instagram.com/deepuroy91291/
_tusshar_14,https://www.instagram.com/_tusshar_14/
aptitudequestions2023,https://www.instagram.com/aptitudequestions2023/
karanmadeshia,https://www.instagram.com/karanmadeshia/
the_great_ghazis,https://www.instagram.com/the_great_ghazis/
meezo.ta,https://www.instagram.com/meezo.ta/
itzz__me__gourav,https://www.instagram.com/itzz__me__gourav/
pranshugoyal2001,https://www.instagram.com/pranshugoyal2001/
unknown_zindgi_,https://www.instagram.com/unknown_zindgi_/
paathshala_wale_bhaiya,https://www.instagram.com/paathshala_wale_bhaiya/
throws__exception,https://www.instagram.com/throws__exception/
_shwe_ta,https://www.instagram.com/_shwe_ta/
naman_mishra_4803,https://www.instagram.com/naman_mishra_4803/
saurabh._mor,https://www.instagram.com/saurabh._mor/
sakshikasbe4646,https://www.instagram.com/sakshikasbe4646/
sri_chinmai10,https://www.instagram.com/sri_chinmai10/
weetgirl015,https://www.instagram.com/weetgirl015/
_deepakkamble_,https://www.instagram.com/_deepakkamble_/
nishant_1709,https://www.instagram.com/nishant_1709/
fousiya_yusuf,https://www.instagram.com/fousiya_yusuf/
__praveen_kumar_30_1_03_,https://www.instagram.com/__praveen_kumar_30_1_03_/
